{
  "dopamine_level": 0.17912948548436797,
  "serotonin_level": 0.5,
  "norepinephrine_level": 0.6526822013032505
}